raw_skill,canonical_skill
ml,machine learning
machine-learning,machine learning
ai/ml,artificial intelligence
aws cloud,aws
amazon web services,aws
js,javascript
react.js,react
node.js,node
crm,customer relationship management
customer relationship management (crm),customer relationship management
software development life cycle (sdlc),software development life cycle
problem-solving,problem solving
results-driven,results driven
ticketing systems,ticketing system
windows operating systems,windows operating system
resiliency,resilience
reactjs,react
restful apis,rest apis
iam,identity and access management
search engine optimization,seo
google cloud,gcp
