career,skill
Data Scientist,Python
Data Scientist,SQL
Data Scientist,Machine Learning
Data Scientist,Pandas
Data Scientist,NumPy
Data Scientist,Statistics
Data Scientist,Data Visualization
Data Scientist,Deep Learning
Machine Learning Engineer,Python
Machine Learning Engineer,Machine Learning
Machine Learning Engineer,NumPy
Machine Learning Engineer,Pandas
Machine Learning Engineer,Scikit-learn
Machine Learning Engineer,Deep Learning
Machine Learning Engineer,TensorFlow
Machine Learning Engineer,SQL
Data Analyst,Python
Data Analyst,SQL
Data Analyst,Excel
Data Analyst,Pandas
Data Analyst,Power BI
Data Analyst,Statistics
Data Analyst,Data Visualization
AI Engineer,Python
AI Engineer,Machine Learning
AI Engineer,Deep Learning
AI Engineer,TensorFlow
AI Engineer,PyTorch
AI Engineer,NLP
AI Engineer,LLMs
AI Engineer,APIs
Software Engineer,Python
Software Engineer,Java
Software Engineer,Data Structures
Software Engineer,Algorithms
Software Engineer,Git
Software Engineer,SQL
Software Engineer,REST APIs
Software Engineer,Problem Solving
Cloud Engineer,Python
Cloud Engineer,Linux
Cloud Engineer,AWS
Cloud Engineer,Docker
Cloud Engineer,Kubernetes
Cloud Engineer,Networking
Cloud Engineer,Git
Cloud Engineer,SQL
