canonical_skill,role_count,specificity
zabbix,1,5.863631175598097
wcag,1,5.863631175598097
vulnerability scanning,1,5.863631175598097
vulnerability assessment,1,5.863631175598097
vsam,1,5.863631175598097
vr development,1,5.863631175598097
vpc,1,5.863631175598097
visualforce,1,5.863631175598097
visual storytelling,1,5.863631175598097
visual effects supervision,1,5.863631175598097
visual design,1,5.863631175598097
android studio,1,5.863631175598097
analytics,1,5.863631175598097
analysis,1,5.863631175598097
alerting systems,1,5.863631175598097
ai/ml architecture,1,5.863631175598097
ai architecture,1,5.863631175598097
agile testing,1,5.863631175598097
art direction,1,5.863631175598097
arm templates,1,5.863631175598097
aria,1,5.863631175598097
application security,1,5.863631175598097
application design,1,5.863631175598097
appdynamics,1,5.863631175598097
apex,1,5.863631175598097
anypoint platform,1,5.863631175598097
animation direction,1,5.863631175598097
video production,1,5.863631175598097
validation,1,5.863631175598097
user testing,1,5.863631175598097
user experience design principles,1,5.863631175598097
unreal engine,1,5.863631175598097
unix administration,1,5.863631175598097
unity3d engine,1,5.863631175598097
unity,1,5.863631175598097
bamboo,1,5.863631175598097
backup and recovery,1,5.863631175598097
aws lambda,1,5.863631175598097
automation tools,1,5.863631175598097
automation testing,1,5.863631175598097
authorization,1,5.863631175598097
authentication,1,5.863631175598097
audio production,1,5.863631175598097
assistive technologies,1,5.863631175598097
artifact repository,1,5.863631175598097
ui/ux,1,5.863631175598097
ui design principles,1,5.863631175598097
ui design,1,5.863631175598097
udeploy (urbancode deploy),1,5.863631175598097
trust management,1,5.863631175598097
toolpath optimization,1,5.863631175598097
tfs (team foundation server),1,5.863631175598097
texturing,1,5.863631175598097
business process improvement,1,5.863631175598097
business intelligence tools,1,5.863631175598097
business intelligence,1,5.863631175598097
business analysis,1,5.863631175598097
business acumen,1,5.863631175598097
bpmn,1,5.863631175598097
blueprints,1,5.863631175598097
blockchain,1,5.863631175598097
blender,1,5.863631175598097
bitbucket,1,5.863631175598097
text analysis,1,5.863631175598097
testng,1,5.863631175598097
testing frameworks,1,5.863631175598097
test execution,1,5.863631175598097
technology strategy,1,5.863631175598097
technology consulting,1,5.863631175598097
technology adoption,1,5.863631175598097
technical sales,1,5.863631175598097
technical operations,1,5.863631175598097
circuit design,1,5.863631175598097
cinematography,1,5.863631175598097
ci/cd pipelines,1,5.863631175598097
chef inspec,1,5.863631175598097
chef,1,5.863631175598097
character setup,1,5.863631175598097
character design,1,5.863631175598097
cartography,1,5.863631175598097
cad/cam,1,5.863631175598097
cabling,1,5.863631175598097
c/c++,1,5.863631175598097
business systems,1,5.863631175598097
code quality,1,5.863631175598097
cobol,1,5.863631175598097
cnc programming,1,5.863631175598097
cms,1,5.863631175598097
client management,1,5.863631175598097
cisco,1,5.863631175598097
technical animation,1,5.863631175598097
teamcity,1,5.863631175598097
team facilitation,1,5.863631175598097
t-sql,1,5.863631175598097
systems integration,1,5.863631175598097
systems design,1,5.863631175598097
systems administration,1,5.863631175598097
system reliability,1,5.863631175598097
system monitoring,1,5.863631175598097
system migration,1,5.863631175598097
content management,1,5.863631175598097
content creation,1,5.863631175598097
containerization,1,5.863631175598097
container security,1,5.863631175598097
container orchestration,1,5.863631175598097
consul,1,5.863631175598097
consensus algorithms,1,5.863631175598097
computer vision,1,5.863631175598097
compliance as code,1,5.863631175598097
communication protocols,1,5.863631175598097
color correction,1,5.863631175598097
system analysis,1,5.863631175598097
symfony,1,5.863631175598097
subnets,1,5.863631175598097
strategic planning,1,5.863631175598097
storytelling,1,5.863631175598097
statistical modeling,1,5.863631175598097
customization,1,5.863631175598097
customer engagement,1,5.863631175598097
cryptography,1,5.863631175598097
cryptocurrency,1,5.863631175598097
coverage.py,1,5.863631175598097
coordination,1,5.863631175598097
control systems,1,5.863631175598097
continuous security,1,5.863631175598097
content optimization,1,5.863631175598097
content marketing,1,5.863631175598097
ssrs,1,5.863631175598097
ssis,1,5.863631175598097
splunk enterprise security,1,5.863631175598097
splunk,1,5.863631175598097
spatial analysis,1,5.863631175598097
soql,1,5.863631175598097
sonarqube,1,5.863631175598097
solidity,1,5.863631175598097
software development lifecycle (sdlc),1,5.863631175598097
data recovery,1,5.863631175598097
data quality tools,1,5.863631175598097
data profiling,1,5.863631175598097
data processing,1,5.863631175598097
data management,1,5.863631175598097
data integration,1,5.863631175598097
data collection,1,5.863631175598097
dast,1,5.863631175598097
smart contracts,1,5.863631175598097
simulation,1,5.863631175598097
sharepoint framework,1,5.863631175598097
service discovery,1,5.863631175598097
server-side programming,1,5.863631175598097
seo strategy,1,5.863631175598097
sensors,1,5.863631175598097
sensor technology,1,5.863631175598097
security tools,1,5.863631175598097
security solutions,1,5.863631175598097
dependency management,1,5.863631175598097
dax,1,5.863631175598097
datadog,1,5.863631175598097
database management,1,5.863631175598097
data wrangling,1,5.863631175598097
data security,1,5.863631175598097
security policies,1,5.863631175598097
security management,1,5.863631175598097
security leadership,1,5.863631175598097
security information and event management (siem),1,5.863631175598097
security groups,1,5.863631175598097
security consulting,1,5.863631175598097
security audits,1,5.863631175598097
security analysis,1,5.863631175598097
secure coding,1,5.863631175598097
secrets management,1,5.863631175598097
ec2,1,5.863631175598097
e-commerce platforms,1,5.863631175598097
distributed ledger,1,5.863631175598097
digital forensics,1,5.863631175598097
devops practices,1,5.863631175598097
development,1,5.863631175598097
deployment strategies,1,5.863631175598097
scala,1,5.863631175598097
sast,1,5.863631175598097
sap modules,1,5.863631175598097
salesforce administration,1,5.863631175598097
salesforce,1,5.863631175598097
sales leadership,1,5.863631175598097
s3,1,5.863631175598097
ruby on rails,1,5.863631175598097
rtos,1,5.863631175598097
falco,1,5.863631175598097
express.js,1,5.863631175598097
ethical hacking,1,5.863631175598097
ethereum,1,5.863631175598097
erp systems,1,5.863631175598097
er diagrams,1,5.863631175598097
envoy,1,5.863631175598097
embedded c,1,5.863631175598097
game development principles,1,5.863631175598097
game design,1,5.863631175598097
g-code,1,5.863631175598097
frameworks,1,5.863631175598097
framework development,1,5.863631175598097
fortify,1,5.863631175598097
forensic animation,1,5.863631175598097
fluentd,1,5.863631175598097
firewall management,1,5.863631175598097
firebase,1,5.863631175598097
financial analysis,1,5.863631175598097
film/animation,1,5.863631175598097
ros,1,5.863631175598097
robotics,1,5.863631175598097
roadmap planning,1,5.863631175598097
restful services,1,5.863631175598097
research management,1,5.863631175598097
research and development,1,5.863631175598097
release management,1,5.863631175598097
hardware interfaces,1,5.863631175598097
grafana,1,5.863631175598097
gitlab ci,1,5.863631175598097
gitlab,1,5.863631175598097
github actions,1,5.863631175598097
github,1,5.863631175598097
gis software,1,5.863631175598097
game engines,1,5.863631175598097
redux,1,5.863631175598097
pytest,1,5.863631175598097
publications,1,5.863631175598097
prometheus,1,5.863631175598097
product knowledge,1,5.863631175598097
postgresql,1,5.863631175598097
portfolio management,1,5.863631175598097
platform engineering,1,5.863631175598097
php development,1,5.863631175598097
performance testing,1,5.863631175598097
incident management,1,5.863631175598097
implementation management,1,5.863631175598097
image manipulation,1,5.863631175598097
identity and access management,1,5.863631175598097
iam systems,1,5.863631175598097
hashicorp vault,1,5.863631175598097
performance optimization,1,5.863631175598097
performance monitoring,1,5.863631175598097
performance analysis,1,5.863631175598097
pcb design,1,5.863631175598097
payment gateways,1,5.863631175598097
packer,1,5.863631175598097
owasp,1,5.863631175598097
oracle sql developer,1,5.863631175598097
oracle database,1,5.863631175598097
openstack,1,5.863631175598097
openshift,1,5.863631175598097
on-page optimization,1,5.863631175598097
off-page optimization,1,5.863631175598097
octopus deploy,1,5.863631175598097
ios/android sdks,1,5.863631175598097
investment management,1,5.863631175598097
inventory management,1,5.863631175598097
intrusion detection,1,5.863631175598097
internet technologies,1,5.863631175598097
intelligence gathering,1,5.863631175598097
integration management,1,5.863631175598097
integration,1,5.863631175598097
infrastructure management,1,5.863631175598097
infrastructure as code (iac),1,5.863631175598097
information management,1,5.863631175598097
jcl,1,5.863631175598097
jacoco,1,5.863631175598097
itil,1,5.863631175598097
it support,1,5.863631175598097
it program management,1,5.863631175598097
it infrastructure,1,5.863631175598097
it auditing,1,5.863631175598097
it analysis,1,5.863631175598097
istio,1,5.863631175598097
iot platforms,1,5.863631175598097
notary,1,5.863631175598097
nomad,1,5.863631175598097
nlp algorithms,1,5.863631175598097
nexus,1,5.863631175598097
new relic,1,5.863631175598097
neural networks,1,5.863631175598097
networking technologies,1,5.863631175598097
networking hardware,1,5.863631175598097
network reliability,1,5.863631175598097
network protocols,1,5.863631175598097
layout,1,5.863631175598097
laravel,1,5.863631175598097
knowledge management,1,5.863631175598097
keras,1,5.863631175598097
jquery,1,5.863631175598097
jfrog cli,1,5.863631175598097
network operations,1,5.863631175598097
net development,1,5.863631175598097
natural language processing,1,5.863631175598097
nagios,1,5.863631175598097
multimedia design,1,5.863631175598097
mulesoft,1,5.863631175598097
monitoring tools,1,5.863631175598097
mongodb,1,5.863631175598097
modeling,1,5.863631175598097
machining,1,5.863631175598097
machine learning algorithms,1,5.863631175598097
logstash,1,5.863631175598097
linux/windows servers,1,5.863631175598097
linux servers,1,5.863631175598097
link building,1,5.863631175598097
lightning,1,5.863631175598097
legal expertise,1,5.863631175598097
legal compliance,1,5.863631175598097
learning agility,1,5.863631175598097
mobile security,1,5.863631175598097
mobile app development,1,5.863631175598097
migration tools,1,5.863631175598097
microsoft dynamics,1,5.863631175598097
microprocessors,1,5.863631175598097
microcontrollers,1,5.863631175598097
maya,1,5.863631175598097
market analysis,1,5.863631175598097
manufacturing processes,1,5.863631175598097
mainframe systems,1,5.863631175598097
xl deploy,1,5.863631175598097
wordpress,1,5.863631175598097
webdriver,1,5.863631175598097
web3,1,5.863631175598097
web technologies,1,5.863631175598097
web content management,1,5.863631175598097
web analytics tools,1,5.863631175598097
administrative support,1,5.863631175598097
ada compliance,1,5.863631175598097
actuators,1,5.863631175598097
active directory,1,5.863631175598097
account management,1,5.863631175598097
accessibility testing,1,5.863631175598097
access control,1,5.863631175598097
a/b testing,1,5.863631175598097
2d/3d animation,1,5.863631175598097
.net development tools,1,5.863631175598097
.net framework,2,5.170483995038151
api development,2,5.170483995038151
api design,2,5.170483995038151
ant,2,5.170483995038151
ux/ui design,2,5.170483995038151
ui/ux principles,2,5.170483995038151
uml,2,5.170483995038151
unit testing,2,5.170483995038151
business process analysis,2,5.170483995038151
build tools,2,5.170483995038151
branching strategies,2,5.170483995038151
network monitoring,2,5.170483995038151
mvc,2,5.170483995038151
motion graphics,2,5.170483995038151
linq,2,5.170483995038151
network security,2,5.170483995038151
lan/wan,2,5.170483995038151
kanban,2,5.170483995038151
hardware management,2,5.170483995038151
hibernate,2,5.170483995038151
keyword research,2,5.170483995038151
kibana,2,5.170483995038151
illustration,2,5.170483995038151
planning,2,5.170483995038151
asp.net,2,5.170483995038151
it consulting,2,5.170483995038151
it management,2,5.170483995038151
product management,2,5.170483995038151
information architecture,2,5.170483995038151
training,2,5.170483995038151
artifactory,2,5.170483995038151
traffic management,2,5.170483995038151
interaction design,2,5.170483995038151
ios,2,5.170483995038151
ios sdk,2,5.170483995038151
j2ee,2,5.170483995038151
oracle,2,5.170483995038151
scrum,2,5.170483995038151
elasticsearch,2,5.170483995038151
cloud networking,2,5.170483995038151
scalability,2,5.170483995038151
sales strategy,2,5.170483995038151
sales,2,5.170483995038151
execution,2,5.170483995038151
figma,2,5.170483995038151
encryption,2,5.170483995038151
entity framework,2,5.170483995038151
excel,2,5.170483995038151
security automation,2,5.170483995038151
flask,2,5.170483995038151
flutter,2,5.170483995038151
cloud services,2,5.170483995038151
rigging,2,5.170483995038151
responsive design,2,5.170483995038151
research methods,2,5.170483995038151
research methodologies,2,5.170483995038151
code coverage,2,5.170483995038151
cloudformation,2,5.170483995038151
risk assessment,2,5.170483995038151
hardware design,2,5.170483995038151
test planning,2,5.170483995038151
big data architecture,2,5.170483995038151
technology solutions,2,5.170483995038151
change management,2,5.170483995038151
puppet,2,5.170483995038151
program management,2,5.170483995038151
qa processes,2,5.170483995038151
pytorch,2,5.170483995038151
quality assurance,2,5.170483995038151
react native,2,5.170483995038151
gerrit,2,5.170483995038151
ids/ips,2,5.170483995038151
web development fundamentals,2,5.170483995038151
cybersecurity,2,5.170483995038151
static code analysis,2,5.170483995038151
2d animation,2,5.170483995038151
vpn,2,5.170483995038151
statistical analysis,2,5.170483995038151
angularjs,2,5.170483995038151
visual communication,2,5.170483995038151
ai/ml algorithms,2,5.170483995038151
web design,2,5.170483995038151
3d animation,2,5.170483995038151
windows server administration,2,5.170483995038151
xcode,2,5.170483995038151
mapreduce,2,5.170483995038151
application development,2,5.170483995038151
application performance monitoring,2,5.170483995038151
web api,2,5.170483995038151
data lakes,2,5.170483995038151
software design,2,5.170483995038151
data cleansing,2,5.170483995038151
data pipelines,2,5.170483995038151
deployment automation,2,5.170483995038151
databases,2,5.170483995038151
database development,2,5.170483995038151
service mesh,2,5.170483995038151
selenium,2,5.170483995038151
soa,2,5.170483995038151
sharepoint,2,5.170483995038151
software architecture,2,5.170483995038151
confluence,2,5.170483995038151
system engineering,2,5.170483995038151
tableau,2,5.170483995038151
digital strategy,2,5.170483995038151
algorithm design,2,5.170483995038151
security auditing,2,5.170483995038151
network design,3,4.765018886929988
linux administration,3,4.765018886929988
implementation,3,4.765018886929988
ai strategy,3,4.765018886929988
compositing,3,4.765018886929988
content strategy,3,4.765018886929988
data mining,3,4.765018886929988
spring framework,3,4.765018886929988
adobe creative suite,3,4.765018886929988
android sdk,3,4.765018886929988
css3,3,4.765018886929988
workflow configuration,3,4.765018886929988
switching,3,4.765018886929988
graphic design,3,4.765018886929988
drawing,3,4.765018886929988
devsecops,3,4.765018886929988
jira,3,4.765018886929988
model deployment,3,4.765018886929988
kafka,3,4.765018886929988
kotlin,3,4.765018886929988
networking protocols,3,4.765018886929988
powershell,3,4.765018886929988
threat detection,3,4.765018886929988
php,3,4.765018886929988
it strategy,3,4.765018886929988
typescript,3,4.765018886929988
log management,3,4.765018886929988
mysql,3,4.765018886929988
pl/sql,3,4.765018886929988
dashboards,3,4.765018886929988
storyboarding,3,4.765018886929988
tcp/ip,3,4.765018886929988
sass,3,4.765018886929988
firmware development,3,4.765018886929988
groovy,3,4.765018886929988
html5,3,4.765018886929988
r,3,4.765018886929988
etl processes,3,4.765018886929988
scientific writing,3,4.765018886929988
documentation,3,4.765018886929988
sql server,3,4.765018886929988
seo,3,4.765018886929988
system design,3,4.765018886929988
design patterns,3,4.765018886929988
web development,4,4.477336814478207
user management,4,4.477336814478207
animation software,4,4.477336814478207
mobile development,4,4.477336814478207
swift,4,4.477336814478207
django,4,4.477336814478207
routing,4,4.477336814478207
statistics,4,4.477336814478207
animation,4,4.477336814478207
ruby,4,4.477336814478207
tensorflow,4,4.477336814478207
code review,4,4.477336814478207
collaboration,4,4.477336814478207
junit,4,4.477336814478207
power bi,4,4.477336814478207
ui/ux basics,4,4.477336814478207
objective-c,4,4.477336814478207
cloud architecture,4,4.477336814478207
angular,5,4.254193263163997
embedded systems,5,4.254193263163997
team management,5,4.254193263163997
customer service,5,4.254193263163997
nosql,5,4.254193263163997
performance tuning,5,4.254193263163997
problem solving,5,4.254193263163997
hardware/software,5,4.254193263163997
metrics,5,4.254193263163997
microservices,5,4.254193263163997
vue.js,5,4.254193263163997
atlassian suite,5,4.254193263163997
test automation,5,4.254193263163997
firewalls,5,4.254193263163997
c#,5,4.254193263163997
configuration management,5,4.254193263163997
windows server,5,4.254193263163997
database design,5,4.254193263163997
sre,5,4.254193263163997
threat analysis,6,4.071871706370042
process improvement,6,4.071871706370042
usability testing,6,4.071871706370042
penetration testing,6,4.071871706370042
technical expertise,6,4.071871706370042
requirements gathering,6,4.071871706370042
data governance,6,4.071871706370042
debugging,6,4.071871706370042
virtualization,6,4.071871706370042
customer relationship management,6,4.071871706370042
wireframing,6,4.071871706370042
3d modeling,6,4.071871706370042
alerting,7,3.9177210265427838
system architecture,7,3.9177210265427838
stakeholder management,7,3.9177210265427838
visual effects,7,3.9177210265427838
innovation,7,3.9177210265427838
infrastructure as code,7,3.9177210265427838
testing,7,3.9177210265427838
risk management,7,3.9177210265427838
reporting,7,3.9177210265427838
hadoop,7,3.9177210265427838
data science,7,3.9177210265427838
spark,7,3.9177210265427838
node,7,3.9177210265427838
vulnerability management,7,3.9177210265427838
user research,8,3.784189633918261
prototyping,8,3.784189633918261
gradle,8,3.784189633918261
c++,8,3.784189633918261
mentoring,8,3.784189633918261
agile methodologies,8,3.784189633918261
technical support,8,3.784189633918261
.net,9,3.6664065982618776
cloud security,9,3.6664065982618776
deep learning,9,3.6664065982618776
programming languages,9,3.6664065982618776
security protocols,9,3.6664065982618776
data warehousing,9,3.6664065982618776
maven,10,3.5610460826040513
compliance,10,3.5610460826040513
programming,10,3.5610460826040513
react,11,3.4657359027997265
devops,11,3.4657359027997265
cloud platforms,11,3.4657359027997265
data visualization,11,3.4657359027997265
etl,11,3.4657359027997265
software development,11,3.4657359027997265
build automation,11,3.4657359027997265
incident response,11,3.4657359027997265
gcp,12,3.378724525810097
rest apis,12,3.378724525810097
machine learning,12,3.378724525810097
system administration,13,3.2986818181365605
ansible,13,3.2986818181365605
ui/ux design,13,3.2986818181365605
monitoring,14,3.2245738459828384
jenkins,14,3.2245738459828384
budgeting,14,3.2245738459828384
leadership,14,3.2245738459828384
terraform,15,3.155580974495887
data structures,17,3.030417831541881
version control,17,3.030417831541881
communication,17,3.030417831541881
algorithms,19,2.9191921964316565
data analysis,19,2.9191921964316565
data modeling,19,2.9191921964316565
css,22,2.772588722239781
html,22,2.772588722239781
troubleshooting,24,2.6855773452501515
azure,29,2.496335345611623
javascript,29,2.496335345611623
team leadership,30,2.4624337939359418
kubernetes,31,2.429643971112951
aws,32,2.3978952727983707
java,34,2.3372706509819356
project management,36,2.2801122371419873
scripting,37,2.252713262953873
docker,38,2.2260450158717116
networking,38,2.2260450158717116
security,39,2.2000695294684505
sql,40,2.174751721484161
git,41,2.1500591088937893
linux,45,2.056968685827777
python,47,2.0134835738880383
ci/cd,52,1.9123874570166697
automation,52,1.9123874570166697
cloud computing,69,1.6295246710008375
